{
  "total": 5145,  "pno": 1,"psize": 10,"sessions": {
    "009ae0832c6c2b1f98683587150daf6b": [
      {
        "query": "baidu",
        "optime": "2016-04-24 17:19:36",
        "type": "0-pv",
        "typename": "主动输入 \"baidu \"",
        "url": null,
        "pos": "-1",
        "ip": "221.8.24.235-吉林省长春市"
      },
      {
        "query": "oppor9",
        "optime": "2016-04-24 17:20:01",
        "type": "0-pv-result_up-sugg",
        "typename": "从 结果页顶部sugg 切入 \"oppor9 \"",
        "url": null,
        "pos": "-1",
        "ip": "221.8.24.235-吉林省长春市"
      }
    ],
    "0114a8b42fc7ce6ff4ba2d9a1265af97": [
      {
        "query": "baidu",
        "optime": "2016-04-24 08:33:29",
        "type": "0-pv",
        "typename": "主动输入 \"baidu \"",
        "url": null,
        "pos": "-1",
        "ip": "106.38.130.45-北京市"
      },
      {
        "query": "baidu",
        "optime": "2016-04-24 08:33:32",
        "type": "VR",
        "typename": "点击 第 2 条 \"VR \"",
        "url": "http://m.baidu.com/",
        "pos": "1",
        "ip": "106.38.130.45-北京市"
      },
      {
        "query": "baidu",
        "optime": "2016-04-24 08:36:54",
        "type": "VR",
        "typename": "点击 第 2 条 \"VR \"",
        "url": "http://m.baidu.com/",
        "pos": "1",
        "ip": "106.38.130.45-北京市"
      },
      {
        "query": "baidu",
        "optime": "2016-04-24 11:43:44",
        "type": "0-pv",
        "typename": "重搜 \"baidu \"",
        "url": null,
        "pos": "-1",
        "ip": "106.121.70.232-北京市"
      },
      {
        "query": "baidu",
        "optime": "2016-04-24 11:43:46",
        "type": "VR",
        "typename": "点击 第 2 条 \"VR \"",
        "url": "http://m.baidu.com/",
        "pos": "1",
        "ip": "106.121.70.232-北京市"
      },
      {
        "query": "baidu",
        "optime": "2016-04-24 11:48:50",
        "type": "0-pv",
        "typename": "重搜 \"baidu \"",
        "url": null,
        "pos": "-1",
        "ip": "106.121.70.232-北京市"
      },
      {
        "query": "baidu",
        "optime": "2016-04-24 11:58:04",
        "type": "0-pv",
        "typename": "重搜 \"baidu \"",
        "url": null,
        "pos": "-1",
        "ip": "106.121.70.232-北京市"
      },
      {
        "query": "baidu",
        "optime": "2016-04-24 11:58:06",
        "type": "VR",
        "typename": "点击 第 2 条 \"VR \"",
        "url": "http://m.baidu.com/",
        "pos": "1",
        "ip": "106.121.70.232-北京市"
      },
      {
        "query": "baidu",
        "optime": "2016-04-24 14:37:34",
        "type": "0-pv",
        "typename": "重搜 \"baidu \"",
        "url": null,
        "pos": "-1",
        "ip": "106.121.70.232-北京市"
      },
      {
        "query": "baidu",
        "optime": "2016-04-24 14:37:39",
        "type": "VR",
        "typename": "点击 第 2 条 \"VR \"",
        "url": "http://m.baidu.com/",
        "pos": "1",
        "ip": "106.121.70.232-北京市"
      },
      {
        "query": "baidu",
        "optime": "2016-04-24 14:42:47",
        "type": "0-pv",
        "typename": "重搜 \"baidu \"",
        "url": null,
        "pos": "-1",
        "ip": "106.121.70.232-北京市"
      },
      {
        "query": "baidu",
        "optime": "2016-04-24 14:42:51",
        "type": "VR",
        "typename": "点击 第 2 条 \"VR \"",
        "url": "http://m.baidu.com/",
        "pos": "1",
        "ip": "106.121.70.232-北京市"
      },
      {
        "query": "baidu",
        "optime": "2016-04-24 23:18:57",
        "type": "0-pv",
        "typename": "重搜 \"baidu \"",
        "url": null,
        "pos": "-1",
        "ip": "49.4.179.19-北京市"
      },
      {
        "query": "baidu",
        "optime": "2016-04-24 23:18:59",
        "type": "VR",
        "typename": "点击 第 2 条 \"VR \"",
        "url": "http://m.baidu.com/",
        "pos": "1",
        "ip": "49.4.179.19-北京市"
      }
    ],
    "01269f433c5b10ec5596282a4b662345": [
      {
        "query": "淘宝",
        "optime": "2016-04-24 04:22:37",
        "type": "0-pv",
        "typename": "主动输入 \"淘宝 \"",
        "url": null,
        "pos": "-1",
        "ip": "221.232.97.103-湖北省武汉市"
      },
      {
        "query": "淘宝",
        "optime": "2016-04-24 04:22:46",
        "type": "STRUCT",
        "typename": "点击 第 2 条 \"STRUCT \"",
        "url": "http://m.taobao.com/",
        "pos": "1",
        "ip": "221.232.97.103-湖北省武汉市"
      },
      {
        "query": "同性恋私底下叫什么",
        "optime": "2016-04-24 06:48:12",
        "type": "0-pv",
        "typename": "主动修改 \"同性恋私底下叫什么 \"",
        "url": null,
        "pos": "-1",
        "ip": "221.232.97.103-湖北省武汉市"
      },
      {
        "query": "同性恋私底下叫什么",
        "optime": "2016-04-24 06:48:13",
        "type": "0-pv",
        "typename": "重搜 \"同性恋私底下叫什么 \"",
        "url": null,
        "pos": "-1",
        "ip": "221.232.97.103-湖北省武汉市"
      },
      {
        "query": "同性恋私底下叫什么",
        "optime": "2016-04-24 06:48:49",
        "type": "NORMAL",
        "typename": "点击 第 9 条 \"NORMAL \"",
        "url": "http://zh.wikihow.com/%E6%9F%A5%E5%87%BA%E4%BD%A0%E8%AE%A4%E8%AF%86%E7%9A%84%E4%BA%BA%E6%98%AF%E4%B8%8D%E6%98%AF%E5%90%8C%E6%80%A7%E6%81%8B",
        "pos": "8",
        "ip": "221.232.97.103-湖北省武汉市"
      },
      {
        "query": "同性恋私底下叫什么",
        "optime": "2016-04-24 06:48:50",
        "type": "NORMAL",
        "typename": "点击 第 9 条 \"NORMAL \"",
        "url": "http://zh.wikihow.com/%E6%9F%A5%E5%87%BA%E4%BD%A0%E8%AE%A4%E8%AF%86%E7%9A%84%E4%BA%BA%E6%98%AF%E4%B8%8D%E6%98%AF%E5%90%8C%E6%80%A7%E6%81%8B",
        "pos": "8",
        "ip": "221.232.97.103-湖北省武汉市"
      },
      {
        "query": "同性恋私底下叫什么",
        "optime": "2016-04-24 06:52:32",
        "type": "0-pv",
        "typename": "重搜 \"同性恋私底下叫什么 \"",
        "url": null,
        "pos": "-1",
        "ip": "221.232.97.103-湖北省武汉市"
      },
      {
        "query": "同性恋私底下叫什么",
        "optime": "2016-04-24 06:52:32",
        "type": "0-pv",
        "typename": "重搜 \"同性恋私底下叫什么 \"",
        "url": null,
        "pos": "-1",
        "ip": "221.232.97.103-湖北省武汉市"
      },
      {
        "query": "同性恋私底下叫什么",
        "optime": "2016-04-24 06:52:32",
        "type": "0-pv",
        "typename": "重搜 \"同性恋私底下叫什么 \"",
        "url": null,
        "pos": "-1",
        "ip": "221.232.97.103-湖北省武汉市"
      },
      {
        "query": "baidu",
        "optime": "2016-04-24 06:52:53",
        "type": "0-pv",
        "typename": "主动修改 \"baidu \"",
        "url": null,
        "pos": "-1",
        "ip": "221.232.97.103-湖北省武汉市"
      },
      {
        "query": "baidu",
        "optime": "2016-04-24 06:53:05",
        "type": "VR",
        "typename": "点击 第 3 条 \"VR \"",
        "url": "http://wap.sogou.com/app/searchList.jsp?&keyword=%E7%99%BE%E5%BA%A6",
        "pos": "2",
        "ip": "221.232.97.103-湖北省武汉市"
      },
      {
        "query": "baidu",
        "optime": "2016-04-24 06:53:47",
        "type": "VR",
        "typename": "点击 第 2 条 \"VR \"",
        "url": "http://m.baidu.com/",
        "pos": "1",
        "ip": "221.232.97.103-湖北省武汉市"
      },
      {
        "query": "baidu",
        "optime": "2016-04-24 12:51:11",
        "type": "0-pv",
        "typename": "重搜 \"baidu \"",
        "url": null,
        "pos": "-1",
        "ip": "221.232.97.103-湖北省武汉市"
      },
      {
        "query": "baidu",
        "optime": "2016-04-24 12:51:11",
        "type": "0-pv",
        "typename": "重搜 \"baidu \"",
        "url": null,
        "pos": "-1",
        "ip": "221.232.97.103-湖北省武汉市"
      },
      {
        "query": "百度",
        "optime": "2016-04-24 12:51:15",
        "type": "0-pv-result_up-sugg",
        "typename": "从 结果页顶部sugg 切入 \"百度 \"",
        "url": null,
        "pos": "-1",
        "ip": "221.232.97.103-湖北省武汉市"
      },
      {
        "query": "百度",
        "optime": "2016-04-24 12:51:15",
        "type": "result_up",
        "typename": "点击 第 0 条 \"result_up \"",
        "url": null,
        "pos": "-1",
        "ip": "221.232.97.103-湖北省武汉市"
      },
      {
        "query": "227439093856",
        "optime": "2016-04-24 12:51:29",
        "type": "0-pv-result_up-sugg",
        "typename": "从 结果页顶部sugg 切入 \"227439093856 \"",
        "url": null,
        "pos": "-1",
        "ip": "221.232.97.103-湖北省武汉市"
      },
      {
        "query": "227439093856",
        "optime": "2016-04-24 12:51:29",
        "type": "result_up",
        "typename": "点击 第 0 条 \"result_up \"",
        "url": null,
        "pos": "-1",
        "ip": "221.232.97.103-湖北省武汉市"
      },
      {
        "query": "227439093856圆通",
        "optime": "2016-04-24 12:51:36",
        "type": "0-pv-result_up",
        "typename": "主动修改 \"227439093856圆通 \"",
        "url": null,
        "pos": "-1",
        "ip": "221.232.97.103-湖北省武汉市"
      },
      {
        "query": "227439093856圆通",
        "optime": "2016-04-24 12:51:36",
        "type": "result_up",
        "typename": "点击 第 0 条 \"result_up \"",
        "url": null,
        "pos": "-1",
        "ip": "221.232.97.103-湖北省武汉市"
      },
      {
        "query": "227439093856圆通",
        "optime": "2016-04-24 12:51:55",
        "type": "0-pv-result_up-sugg",
        "typename": "从 结果页顶部sugg 切入 \"227439093856圆通 \"",
        "url": null,
        "pos": "-1",
        "ip": "221.232.97.103-湖北省武汉市"
      },
      {
        "query": "227439093856圆通",
        "optime": "2016-04-24 12:51:55",
        "type": "result_up",
        "typename": "点击 第 0 条 \"result_up \"",
        "url": null,
        "pos": "-1",
        "ip": "221.232.97.103-湖北省武汉市"
      },
      {
        "query": "2274390937856圆通",
        "optime": "2016-04-24 12:52:22",
        "type": "0-pv-result_up",
        "typename": "主动修改 \"2274390937856圆通 \"",
        "url": null,
        "pos": "-1",
        "ip": "221.232.97.103-湖北省武汉市"
      },
      {
        "query": "2274390937856圆通",
        "optime": "2016-04-24 12:52:22",
        "type": "result_up",
        "typename": "点击 第 0 条 \"result_up \"",
        "url": null,
        "pos": "-1",
        "ip": "221.232.97.103-湖北省武汉市"
      },
      {
        "query": "2274390937856圆通",
        "optime": "2016-04-24 12:52:32",
        "type": "0-pv-result_up-sugg",
        "typename": "从 结果页顶部sugg 切入 \"2274390937856圆通 \"",
        "url": null,
        "pos": "-1",
        "ip": "221.232.97.103-湖北省武汉市"
      },
      {
        "query": "2274390937856圆通",
        "optime": "2016-04-24 12:52:32",
        "type": "result_up",
        "typename": "点击 第 0 条 \"result_up \"",
        "url": null,
        "pos": "-1",
        "ip": "221.232.97.103-湖北省武汉市"
      },
      {
        "query": "百度",
        "optime": "2016-04-24 12:52:55",
        "type": "0-pv-result_up-sugg",
        "typename": "从 结果页顶部sugg 切入 \"百度 \"",
        "url": null,
        "pos": "-1",
        "ip": "221.232.97.103-湖北省武汉市"
      },
      {
        "query": "百度",
        "optime": "2016-04-24 12:52:55",
        "type": "result_up",
        "typename": "点击 第 0 条 \"result_up \"",
        "url": null,
        "pos": "-1",
        "ip": "221.232.97.103-湖北省武汉市"
      },
      {
        "query": "2274390937856圆通",
        "optime": "2016-04-24 12:53:07",
        "type": "0-pv-result_up-sugg",
        "typename": "从 结果页顶部sugg 切入 \"2274390937856圆通 \"",
        "url": null,
        "pos": "-1",
        "ip": "221.232.97.103-湖北省武汉市"
      },
      {
        "query": "2274390937856圆通",
        "optime": "2016-04-24 12:53:07",
        "type": "result_up",
        "typename": "点击 第 0 条 \"result_up \"",
        "url": null,
        "pos": "-1",
        "ip": "221.232.97.103-湖北省武汉市"
      },
      {
        "query": "百度",
        "optime": "2016-04-24 12:53:19",
        "type": "VR",
        "typename": "点击 第 2 条 \"VR \"",
        "url": "http://m.baidu.com/s?word=2274390937856圆通",
        "pos": "1",
        "ip": "221.232.97.103-湖北省武汉市"
      },
      {
        "query": "美团",
        "optime": "2016-04-24 15:09:35",
        "type": "0-pv",
        "typename": "主动修改 \"美团 \"",
        "url": null,
        "pos": "-1",
        "ip": "221.232.97.103-湖北省武汉市"
      },
      {
        "query": "美团",
        "optime": "2016-04-24 15:09:39",
        "type": "0-pv",
        "typename": "重搜 \"美团 \"",
        "url": null,
        "pos": "-1",
        "ip": "221.232.97.103-湖北省武汉市"
      },
      {
        "query": "美团",
        "optime": "2016-04-24 15:09:50",
        "type": "VR",
        "typename": "点击 第 2 条 \"VR \"",
        "url": "http://wap.sogou.com/app/redir.jsp?u=0Gd8piB6093-W-QPHXpNcQJvLH6U5CYd_fIkqUMqMFkfq1f57_vP0xtREdRaov9cy6rGmVCuxuQ.&source_id=-4765654876336304158&package_code=-8340463742122456186&docid=-8340463742122456186&e=1383&appdown=1&w=1997",
        "pos": "1",
        "ip": "221.232.97.103-湖北省武汉市"
      }
    ],
    "01131b4764ccf83a348df8d26635aa54": [
      {
        "query": "baidu",
        "optime": "2016-04-24 12:09:53",
        "type": "0-pv",
        "typename": "主动输入 \"baidu \"",
        "url": null,
        "pos": "-1",
        "ip": "222.69.210.164-上海市"
      },
      {
        "query": "baidu",
        "optime": "2016-04-24 12:09:57",
        "type": "VR",
        "typename": "点击 第 2 条 \"VR \"",
        "url": "http://m.baidu.com/",
        "pos": "1",
        "ip": "222.69.210.164-上海市"
      },
      {
        "query": "最近热播的电视剧",
        "optime": "2016-04-24 12:10:34",
        "type": "0-pv",
        "typename": "主动修改 \"最近热播的电视剧 \"",
        "url": null,
        "pos": "-1",
        "ip": "222.69.210.164-上海市"
      },
      {
        "query": "2016年电视剧排行榜",
        "optime": "2016-04-24 12:13:15",
        "type": "0-pv",
        "typename": "主动修改 \"2016年电视剧排行榜 \"",
        "url": null,
        "pos": "-1",
        "ip": "222.69.210.164-上海市"
      },
      {
        "query": "2016年电视剧排行榜",
        "optime": "2016-04-24 12:13:22",
        "type": "VR",
        "typename": "点击 第 2 条 \"VR \"",
        "url": "https://wap.sogou.com",
        "pos": "1",
        "ip": "222.69.210.164-上海市"
      },
      {
        "query": "2016年电视剧排行榜",
        "optime": "2016-04-24 12:14:13",
        "type": "VR",
        "typename": "点击 第 2 条 \"VR \"",
        "url": "https://wap.sogou.com",
        "pos": "1",
        "ip": "222.69.210.164-上海市"
      },
      {
        "query": "2016年电视剧排行榜",
        "optime": "2016-04-24 12:14:24",
        "type": "VR",
        "typename": "点击 第 2 条 \"VR \"",
        "url": "https://wap.sogou.com",
        "pos": "1",
        "ip": "222.69.210.164-上海市"
      },
      {
        "query": "2016年电视剧排行榜",
        "optime": "2016-04-24 12:15:59",
        "type": "VR",
        "typename": "点击 第 2 条 \"VR \"",
        "url": "https://wap.sogou.com",
        "pos": "1",
        "ip": "222.69.210.164-上海市"
      },
      {
        "query": "热播电视剧2015古装剧",
        "optime": "2016-04-24 12:18:21",
        "type": "0-pv-result_up-sugg",
        "typename": "从 结果页顶部sugg 切入 \"热播电视剧2015古装剧 \"",
        "url": null,
        "pos": "-1",
        "ip": "222.69.210.164-上海市"
      },
      {
        "query": "热播电视剧2015古装剧",
        "optime": "2016-04-24 12:18:21",
        "type": "result_up",
        "typename": "点击 第 0 条 \"result_up \"",
        "url": null,
        "pos": "-1",
        "ip": "222.69.210.164-上海市"
      },
      {
        "query": "热播电视剧2015古装剧",
        "optime": "2016-04-24 12:18:39",
        "type": "0-pv-result_up-sugg",
        "typename": "从 结果页顶部sugg 切入 \"热播电视剧2015古装剧 \"",
        "url": null,
        "pos": "-1",
        "ip": "222.69.210.164-上海市"
      },
      {
        "query": "热播电视剧2015古装剧",
        "optime": "2016-04-24 12:18:39",
        "type": "result_up",
        "typename": "点击 第 0 条 \"result_up \"",
        "url": null,
        "pos": "-1",
        "ip": "222.69.210.164-上海市"
      },
      {
        "query": "热播电视剧2015古装剧",
        "optime": "2016-04-24 12:18:43",
        "type": "0-pv-result_up-sugg",
        "typename": "从 结果页顶部sugg 切入 \"热播电视剧2015古装剧 \"",
        "url": null,
        "pos": "-1",
        "ip": "222.69.210.164-上海市"
      },
      {
        "query": "热播电视剧2015古装剧",
        "optime": "2016-04-24 12:18:43",
        "type": "result_up",
        "typename": "点击 第 0 条 \"result_up \"",
        "url": null,
        "pos": "-1",
        "ip": "222.69.210.164-上海市"
      },
      {
        "query": "热播电视剧2015古装剧",
        "optime": "2016-04-24 12:18:49",
        "type": "VR",
        "typename": "点击 第 2 条 \"VR \"",
        "url": "https://wap.sogou.com",
        "pos": "1",
        "ip": "222.69.210.164-上海市"
      },
      {
        "query": "热播电视剧2016古装剧",
        "optime": "2016-04-24 12:18:52",
        "type": "0-pv-result_up",
        "typename": "主动修改 \"热播电视剧2016古装剧 \"",
        "url": null,
        "pos": "-1",
        "ip": "222.69.210.164-上海市"
      },
      {
        "query": "热播电视剧2016古装剧",
        "optime": "2016-04-24 12:18:52",
        "type": "result_up",
        "typename": "点击 第 0 条 \"result_up \"",
        "url": null,
        "pos": "-1",
        "ip": "222.69.210.164-上海市"
      }
    ],
    "012bfa5ba1aadc39ab5581881634e786": [
      {
        "query": "baidu",
        "optime": "2016-04-24 17:37:31",
        "type": "0-pv",
        "typename": "主动输入 \"baidu \"",
        "url": null,
        "pos": "-1",
        "ip": "113.57.246.173-湖北省武汉市"
      },
      {
        "query": "baidu",
        "optime": "2016-04-24 17:37:37",
        "type": "VR",
        "typename": "点击 第 2 条 \"VR \"",
        "url": "http://m.baidu.com/",
        "pos": "1",
        "ip": "113.57.246.173-湖北省武汉市"
      }
    ],
    "001f3eefba3c0f42bb2050f2493e1dd1": [
      {
        "query": "baidu",
        "optime": "2016-04-24 09:03:04",
        "type": "0-pv",
        "typename": "主动输入 \"baidu \"",
        "url": null,
        "pos": "-1",
        "ip": "118.194.194.82-北京市"
      },
      {
        "query": "怀孕了能吃哈密瓜吗",
        "optime": "2016-04-24 09:03:17",
        "type": "0-pv-result_up",
        "typename": "主动修改 \"怀孕了能吃哈密瓜吗 \"",
        "url": null,
        "pos": "-1",
        "ip": "118.194.194.82-北京市"
      },
      {
        "query": "怀孕了能吃哈密瓜吗",
        "optime": "2016-04-24 09:03:17",
        "type": "result_up",
        "typename": "点击 第 0 条 \"result_up \"",
        "url": null,
        "pos": "-1",
        "ip": "118.194.194.82-北京市"
      },
      {
        "query": "怀孕了能吃西瓜吗",
        "optime": "2016-04-24 09:03:26",
        "type": "0-pv-result_up",
        "typename": "主动修改 \"怀孕了能吃西瓜吗 \"",
        "url": null,
        "pos": "-1",
        "ip": "118.194.194.82-北京市"
      },
      {
        "query": "怀孕了能吃西瓜吗",
        "optime": "2016-04-24 09:03:26",
        "type": "result_up",
        "typename": "点击 第 0 条 \"result_up \"",
        "url": null,
        "pos": "-1",
        "ip": "118.194.194.82-北京市"
      },
      {
        "query": "怀孕了能去动物园吗",
        "optime": "2016-04-24 10:08:57",
        "type": "0-pv-result_up",
        "typename": "主动修改 \"怀孕了能去动物园吗 \"",
        "url": null,
        "pos": "-1",
        "ip": "117.136.38.13-北京市"
      },
      {
        "query": "怀孕了能去动物园吗",
        "optime": "2016-04-24 10:08:57",
        "type": "result_up",
        "typename": "点击 第 0 条 \"result_up \"",
        "url": null,
        "pos": "-1",
        "ip": "117.136.38.13-北京市"
      },
      {
        "query": "baidu",
        "optime": "2016-04-24 10:44:26",
        "type": "0-pv",
        "typename": "主动修改 \"baidu \"",
        "url": null,
        "pos": "-1",
        "ip": "118.194.194.82-北京市"
      },
      {
        "query": "baidu",
        "optime": "2016-04-24 10:44:33",
        "type": "VR",
        "typename": "点击 第 2 条 \"VR \"",
        "url": "http://m.baidu.com/",
        "pos": "1",
        "ip": "118.194.194.82-北京市"
      },
      {
        "query": "baidu",
        "optime": "2016-04-24 12:26:00",
        "type": "0-pv",
        "typename": "重搜 \"baidu \"",
        "url": null,
        "pos": "-1",
        "ip": "118.194.194.82-北京市"
      },
      {
        "query": "CMC公司",
        "optime": "2016-04-24 12:26:11",
        "type": "0-pv-result_up",
        "typename": "主动修改 \"CMC公司 \"",
        "url": null,
        "pos": "-1",
        "ip": "118.194.194.82-北京市"
      },
      {
        "query": "CMC公司",
        "optime": "2016-04-24 12:26:11",
        "type": "result_up",
        "typename": "点击 第 0 条 \"result_up \"",
        "url": null,
        "pos": "-1",
        "ip": "118.194.194.82-北京市"
      },
      {
        "query": "CMC公司静雅婚礼",
        "optime": "2016-04-24 12:26:27",
        "type": "0-pv-result_up",
        "typename": "主动修改 \"CMC公司静雅婚礼 \"",
        "url": null,
        "pos": "-1",
        "ip": "118.194.194.82-北京市"
      },
      {
        "query": "CMC公司静雅婚礼",
        "optime": "2016-04-24 12:26:27",
        "type": "result_up",
        "typename": "点击 第 0 条 \"result_up \"",
        "url": null,
        "pos": "-1",
        "ip": "118.194.194.82-北京市"
      },
      {
        "query": "怀孕了能喝饮料吗",
        "optime": "2016-04-24 12:29:04",
        "type": "0-pv-result_up",
        "typename": "主动修改 \"怀孕了能喝饮料吗 \"",
        "url": null,
        "pos": "-1",
        "ip": "118.194.194.82-北京市"
      },
      {
        "query": "怀孕了能喝饮料吗",
        "optime": "2016-04-24 12:29:04",
        "type": "result_up",
        "typename": "点击 第 0 条 \"result_up \"",
        "url": null,
        "pos": "-1",
        "ip": "118.194.194.82-北京市"
      },
      {
        "query": "怀孕能吃火锅吗",
        "optime": "2016-04-24 14:22:51",
        "type": "0-pv-result_up",
        "typename": "主动修改 \"怀孕能吃火锅吗 \"",
        "url": null,
        "pos": "-1",
        "ip": "118.194.194.82-北京市"
      },
      {
        "query": "怀孕能吃火锅吗",
        "optime": "2016-04-24 14:22:51",
        "type": "result_up",
        "typename": "点击 第 0 条 \"result_up \"",
        "url": null,
        "pos": "-1",
        "ip": "118.194.194.82-北京市"
      },
      {
        "query": "怀孕能吃火锅吗",
        "optime": "2016-04-24 21:20:00",
        "type": "0-pv-result_up",
        "typename": "重搜 \"怀孕能吃火锅吗 \"",
        "url": null,
        "pos": "-1",
        "ip": "223.72.104.126-北京市"
      },
      {
        "query": "怀孕能吃火锅吗",
        "optime": "2016-04-24 21:20:00",
        "type": "result_up",
        "typename": "点击 第 0 条 \"result_up \"",
        "url": null,
        "pos": "-1",
        "ip": "223.72.104.126-北京市"
      },
      {
        "query": "baidu",
        "optime": "2016-04-24 21:20:01",
        "type": "0-pv",
        "typename": "主动修改 \"baidu \"",
        "url": null,
        "pos": "-1",
        "ip": "223.72.104.126-北京市"
      },
      {
        "query": "大慧寺到香山饭店",
        "optime": "2016-04-24 21:20:57",
        "type": "0-pv-result_up",
        "typename": "主动修改 \"大慧寺到香山饭店 \"",
        "url": null,
        "pos": "-1",
        "ip": "223.72.104.126-北京市"
      },
      {
        "query": "大慧寺到香山饭店",
        "optime": "2016-04-24 21:20:57",
        "type": "result_up",
        "typename": "点击 第 0 条 \"result_up \"",
        "url": null,
        "pos": "-1",
        "ip": "223.72.104.126-北京市"
      },
      {
        "query": "563公交车路线",
        "optime": "2016-04-24 21:35:16",
        "type": "0-pv-result_up-sugg",
        "typename": "从 结果页顶部sugg 切入 \"563公交车路线 \"",
        "url": null,
        "pos": "-1",
        "ip": "223.72.104.126-北京市"
      },
      {
        "query": "563公交车路线",
        "optime": "2016-04-24 21:35:16",
        "type": "result_up",
        "typename": "点击 第 0 条 \"result_up \"",
        "url": null,
        "pos": "-1",
        "ip": "223.72.104.126-北京市"
      }
    ],
    "01326f0f366cc52755f26aa3a30250d3": [
      {
        "query": "baidu",
        "optime": "2016-04-24 13:54:33",
        "type": "0-pv",
        "typename": "主动输入 \"baidu \"",
        "url": null,
        "pos": "-1",
        "ip": "106.39.255.96-北京市"
      },
      {
        "query": "baidu",
        "optime": "2016-04-24 13:54:37",
        "type": "VR",
        "typename": "点击 第 2 条 \"VR \"",
        "url": "http://m.baidu.com/",
        "pos": "1",
        "ip": "106.39.255.96-北京市"
      }
    ],
    "00d59e0aa4faca2a5d9b0ef20577a9c7": [
      {
        "query": "av",
        "optime": "2016-04-24 13:11:38",
        "type": "0-pv",
        "typename": "主动输入 \"av \"",
        "url": null,
        "pos": "-1",
        "ip": "119.185.132.216-山东省东营市"
      },
      {
        "query": "baidu",
        "optime": "2016-04-24 13:12:05",
        "type": "0-pv",
        "typename": "主动修改 \"baidu \"",
        "url": null,
        "pos": "-1",
        "ip": "119.185.132.216-山东省东营市"
      },
      {
        "query": "baidu",
        "optime": "2016-04-24 13:12:07",
        "type": "VR",
        "typename": "点击 第 2 条 \"VR \"",
        "url": "http://m.baidu.com/",
        "pos": "1",
        "ip": "119.185.132.216-山东省东营市"
      }
    ],
    "010b435e5f0f4f5edc06303cb18215f7": [
      {
        "query": "baidu",
        "optime": "2016-04-24 17:46:49",
        "type": "0-pv",
        "typename": "主动输入 \"baidu \"",
        "url": null,
        "pos": "-1",
        "ip": "218.205.237.10-四川省成都市"
      },
      {
        "query": "baidu",
        "optime": "2016-04-24 17:46:55",
        "type": "0-pv",
        "typename": "重搜 \"baidu \"",
        "url": null,
        "pos": "-1",
        "ip": "218.205.237.10-四川省成都市"
      },
      {
        "query": "微信",
        "optime": "2016-04-24 17:54:47",
        "type": "0-pv",
        "typename": "主动修改 \"微信 \"",
        "url": null,
        "pos": "-1",
        "ip": "218.205.237.10-四川省成都市"
      },
      {
        "query": "百度",
        "optime": "2016-04-24 17:57:14",
        "type": "0-pv",
        "typename": "主动修改 \"百度 \"",
        "url": null,
        "pos": "-1",
        "ip": "218.205.237.10-四川省成都市"
      },
      {
        "query": "百度",
        "optime": "2016-04-24 17:57:22",
        "type": "0-pv",
        "typename": "重搜 \"百度 \"",
        "url": null,
        "pos": "-1",
        "ip": "218.205.237.10-四川省成都市"
      }
    ],
    "00de659cbc12b147b4b4ca69795120f9": [
      {
        "query": "女上男下的姿势要怎么动",
        "optime": "2016-04-24 08:00:34",
        "type": "0-pv",
        "typename": "主动输入 \"女上男下的姿势要怎么动 \"",
        "url": null,
        "pos": "-1",
        "ip": "123.88.176.36-广东省东莞市"
      },
      {
        "query": "女上男下的姿势要怎么动",
        "optime": "2016-04-24 08:00:48",
        "type": "NORMAL",
        "typename": "点击 第 3 条 \"NORMAL \"",
        "url": "http://blog.sina.cn/dpool/blog/s/blog_c86b3c840102wov4.html",
        "pos": "2",
        "ip": "123.88.176.36-广东省东莞市"
      },
      {
        "query": "女上男下的姿势要怎么动",
        "optime": "2016-04-24 08:00:49",
        "type": "NORMAL",
        "typename": "点击 第 3 条 \"NORMAL \"",
        "url": "http://blog.sina.cn/dpool/blog/s/blog_c86b3c840102wov4.html",
        "pos": "2",
        "ip": "123.88.176.36-广东省东莞市"
      },
      {
        "query": "女上男下的姿势要怎么动",
        "optime": "2016-04-24 08:01:25",
        "type": "0-pv",
        "typename": "重搜 \"女上男下的姿势要怎么动 \"",
        "url": null,
        "pos": "-1",
        "ip": "123.88.176.36-广东省东莞市"
      },
      {
        "query": "女上男下的姿势要怎么动",
        "optime": "2016-04-24 08:01:37",
        "type": "VR",
        "typename": "点击 第 6 条 \"VR \"",
        "url": "http://wapiknow.baidu.com/question/1733350210888306467",
        "pos": "5",
        "ip": "123.88.176.36-广东省东莞市"
      },
      {
        "query": "女上男下位女人动态图",
        "optime": "2016-04-24 08:02:13",
        "type": "0-pv-result_up-sugg",
        "typename": "从 结果页顶部sugg 切入 \"女上男下位女人动态图 \"",
        "url": null,
        "pos": "-1",
        "ip": "123.88.176.36-广东省东莞市"
      },
      {
        "query": "女上男下位女人动态图",
        "optime": "2016-04-24 08:02:13",
        "type": "result_up",
        "typename": "点击 第 0 条 \"result_up \"",
        "url": null,
        "pos": "-1",
        "ip": "123.88.176.36-广东省东莞市"
      },
      {
        "query": "女上男下位女人动态图",
        "optime": "2016-04-24 08:02:16",
        "type": "NORMAL",
        "typename": "点击 第 2 条 \"NORMAL \"",
        "url": "http://www.jihot.com/n/46933.html",
        "pos": "1",
        "ip": "123.88.176.36-广东省东莞市"
      },
      {
        "query": "女上男下位女人动态图",
        "optime": "2016-04-24 08:02:51",
        "type": "NORMAL",
        "typename": "点击 第 3 条 \"NORMAL \"",
        "url": "http://www.lizuchina.com/read/5826961.html",
        "pos": "2",
        "ip": "123.88.176.36-广东省东莞市"
      },
      {
        "query": "女上位",
        "optime": "2016-04-24 08:03:03",
        "type": "0-pv",
        "typename": "主动修改 \"女上位 \"",
        "url": null,
        "pos": "-1",
        "ip": "123.88.176.36-广东省东莞市"
      },
      {
        "query": "女上男下位女人动态图",
        "optime": "2016-04-24 08:03:03",
        "type": "VR",
        "typename": "点击 第 5 条 \"VR \"",
        "url": "/web/searchList.jsp?keyword=%E5%A5%B3%E4%B8%8A%E4%BD%8D&dp=1&pid=sogou-mobo-662a2e9616290562",
        "pos": "4",
        "ip": "123.88.176.36-广东省东莞市"
      },
      {
        "query": "女上位",
        "optime": "2016-04-24 08:03:09",
        "type": "STRUCT",
        "typename": "点击 第 3 条 \"STRUCT \"",
        "url": "http://3g.163.com/touch/article.html?from=index&docid=6J23QCQM00262HSC",
        "pos": "2",
        "ip": "123.88.176.36-广东省东莞市"
      },
      {
        "query": "女上位",
        "optime": "2016-04-24 08:03:16",
        "type": "STRUCT",
        "typename": "点击 第 3 条 \"STRUCT \"",
        "url": "http://3g.163.com/touch/article.html?from=index&docid=6J23QCQM00262HSC",
        "pos": "2",
        "ip": "123.88.176.36-广东省东莞市"
      },
      {
        "query": "女上位",
        "optime": "2016-04-24 08:03:25",
        "type": "NORMAL",
        "typename": "点击 第 5 条 \"NORMAL \"",
        "url": "http://m.imeee.cn/health/bj/20090702117994.html",
        "pos": "4",
        "ip": "123.88.176.36-广东省东莞市"
      },
      {
        "query": "女上位",
        "optime": "2016-04-24 08:03:40",
        "type": "JH",
        "typename": "点击 第 11 条 \"JH \"",
        "url": "http://wenwen.m.sogou.com/qudetail.jsp?qid=619624418&g_f=11301026",
        "pos": "10",
        "ip": "123.88.176.36-广东省东莞市"
      },
      {
        "query": "女上男下位女人动态图",
        "optime": "2016-04-24 08:04:43",
        "type": "NORMAL",
        "typename": "点击 第 6 条 \"NORMAL \"",
        "url": "http://www.jujia23.com/%E7%94%B7%E4%BA%BA%E5%92%8C%E5%A5%B3%E4%BA%BA%E5%8A%A8%E6%80%81%E5%9B%BE%E7%89%87.html",
        "pos": "5",
        "ip": "123.88.176.36-广东省东莞市"
      },
      {
        "query": "女上男下位女人动态图",
        "optime": "2016-04-24 08:04:54",
        "type": "NORMAL",
        "typename": "点击 第 6 条 \"NORMAL \"",
        "url": "http://www.jujia23.com/%E7%94%B7%E4%BA%BA%E5%92%8C%E5%A5%B3%E4%BA%BA%E5%8A%A8%E6%80%81%E5%9B%BE%E7%89%87.html",
        "pos": "5",
        "ip": "123.88.176.36-广东省东莞市"
      },
      {
        "query": "女上男下位女人动态图",
        "optime": "2016-04-24 08:05:03",
        "type": "NORMAL",
        "typename": "点击 第 8 条 \"NORMAL \"",
        "url": "http://www.iqiyi.com/w_19rtd3aptd.html",
        "pos": "7",
        "ip": "123.88.176.36-广东省东莞市"
      },
      {
        "query": "男的揉女的奶动态图",
        "optime": "2016-04-24 08:05:37",
        "type": "0-pv-hint_last",
        "typename": "从 结果页底部hint和横屏hint 切入 \"男的揉女的奶动态图 \"",
        "url": null,
        "pos": "-1",
        "ip": "123.88.176.36-广东省东莞市"
      },
      {
        "query": "男的揉女的奶动态图",
        "optime": "2016-04-24 08:05:37",
        "type": "hint_last",
        "typename": "点击 第 0 条 \"hint_last \"",
        "url": null,
        "pos": "-1",
        "ip": "123.88.176.36-广东省东莞市"
      },
      {
        "query": "男的揉女的奶动态图",
        "optime": "2016-04-24 08:05:39",
        "type": "STRUCT",
        "typename": "点击 第 2 条 \"STRUCT \"",
        "url": "http://m.laonanren.com/news/2015-11/104649.htm",
        "pos": "1",
        "ip": "123.88.176.36-广东省东莞市"
      },
      {
        "query": "男的揉女的奶动态图",
        "optime": "2016-04-24 08:10:55",
        "type": "0-pv-hint_last",
        "typename": "从 结果页底部hint和横屏hint 切入 \"男的揉女的奶动态图 \"",
        "url": null,
        "pos": "-1",
        "ip": "123.88.176.36-广东省东莞市"
      },
      {
        "query": "男的揉女的奶动态图",
        "optime": "2016-04-24 08:10:55",
        "type": "hint_last",
        "typename": "点击 第 0 条 \"hint_last \"",
        "url": null,
        "pos": "-1",
        "ip": "123.88.176.36-广东省东莞市"
      },
      {
        "query": "女上男下的姿势要怎么动",
        "optime": "2016-04-24 08:10:58",
        "type": "0-pv",
        "typename": "主动修改 \"女上男下的姿势要怎么动 \"",
        "url": null,
        "pos": "-1",
        "ip": "183.131.104.227-浙江省杭州市"
      },
      {
        "query": "女上男下位女人动态图",
        "optime": "2016-04-24 08:10:58",
        "type": "0-pv-result_up-sugg",
        "typename": "从 结果页顶部sugg 切入 \"女上男下位女人动态图 \"",
        "url": null,
        "pos": "-1",
        "ip": "123.88.176.36-广东省东莞市"
      },
      {
        "query": "女上男下位女人动态图",
        "optime": "2016-04-24 08:10:58",
        "type": "result_up",
        "typename": "点击 第 0 条 \"result_up \"",
        "url": null,
        "pos": "-1",
        "ip": "123.88.176.36-广东省东莞市"
      },
      {
        "query": "爱爱视频",
        "optime": "2016-04-24 08:11:19",
        "type": "0-pv",
        "typename": "主动修改 \"爱爱视频 \"",
        "url": null,
        "pos": "-1",
        "ip": "183.131.104.227-浙江省杭州市"
      },
      {
        "query": "爱爱视频",
        "optime": "2016-04-24 08:11:28",
        "type": "NORMAL",
        "typename": "点击 第 3 条 \"NORMAL \"",
        "url": "http://so.iqiyi.com/so/q_%E6%88%90%E4%BA%BA%E5%81%9A%E7%88%B1%E8%A7%86%E9%A2%91_p_2",
        "pos": "2",
        "ip": "183.131.104.227-浙江省杭州市"
      },
      {
        "query": "baidu",
        "optime": "2016-04-24 08:22:43",
        "type": "0-pv",
        "typename": "主动修改 \"baidu \"",
        "url": null,
        "pos": "-1",
        "ip": "140.207.54.144-上海市"
      },
      {
        "query": "baidu",
        "optime": "2016-04-24 08:22:43",
        "type": "0-pv",
        "typename": "重搜 \"baidu \"",
        "url": null,
        "pos": "-1",
        "ip": "183.131.104.227-浙江省杭州市"
      },
      {
        "query": "性爱视频",
        "optime": "2016-04-24 08:23:12",
        "type": "0-pv",
        "typename": "主动修改 \"性爱视频 \"",
        "url": null,
        "pos": "-1",
        "ip": "140.207.54.144-上海市"
      },
      {
        "query": "性爱视频",
        "optime": "2016-04-24 08:23:12",
        "type": "0-pv",
        "typename": "重搜 \"性爱视频 \"",
        "url": null,
        "pos": "-1",
        "ip": "183.131.104.227-浙江省杭州市"
      },
      {
        "query": "性爱视频",
        "optime": "2016-04-24 08:23:18",
        "type": "VR",
        "typename": "点击 第 2 条 \"VR \"",
        "url": "http://m.sogou.com/video/vw/play?type=redirect&link=gzqwmytdgjtgizrrgrstqzlegyzgmnrvmeywgm3bmu2wgzbygbqqsmjugyytinjxgm4teclwojpw433snvqwyclior2haorpf5wxsltuoyxhg33iouxgg33nf52xglzsg4zdoobwgmytilzygmztenzwgyzs443iorwwyp3gojxw25ttn5tw65i&query=%D0%D4%B0%AE%CA%D3%C6%B5&p=40230600",
        "pos": "1",
        "ip": "140.207.54.144-上海市"
      },
      {
        "query": "性爱视频",
        "optime": "2016-04-24 08:23:27",
        "type": "NORMAL",
        "typename": "点击 第 3 条 \"NORMAL \"",
        "url": "http://so.iqiyi.com/so/q_%E6%88%90%E4%BA%BA%E5%81%9A%E7%88%B1%E8%A7%86%E9%A2%91_p_2",
        "pos": "2",
        "ip": "140.207.54.144-上海市"
      },
      {
        "query": "性爱视频",
        "optime": "2016-04-24 08:23:44",
        "type": "NORMAL",
        "typename": "点击 第 9 条 \"NORMAL \"",
        "url": "http://client.so.pps.tv/?q=%E9%BB%84%E7%89%87%E5%81%9A%E7%88%B1",
        "pos": "8",
        "ip": "140.207.54.144-上海市"
      },
      {
        "query": "性爱视频",
        "optime": "2016-04-24 08:24:15",
        "type": "STRUCT",
        "typename": "点击 第 10 条 \"STRUCT \"",
        "url": "http://v.ku6.com/playlist/index_6566693.html",
        "pos": "9",
        "ip": "140.207.54.144-上海市"
      },
      {
        "query": "性爱",
        "optime": "2016-04-24 08:24:31",
        "type": "0-pv-result_up",
        "typename": "主动修改 \"性爱 \"",
        "url": null,
        "pos": "-1",
        "ip": "140.207.54.144-上海市"
      },
      {
        "query": "性爱",
        "optime": "2016-04-24 08:24:31",
        "type": "result_up",
        "typename": "点击 第 0 条 \"result_up \"",
        "url": null,
        "pos": "-1",
        "ip": "140.207.54.144-上海市"
      },
      {
        "query": "性爱",
        "optime": "2016-04-24 08:24:38",
        "type": "NORMAL",
        "typename": "点击 第 2 条 \"NORMAL \"",
        "url": "http://wap.fh21.com.cn/list/3830/",
        "pos": "1",
        "ip": "140.207.54.144-上海市"
      },
      {
        "query": "性爱",
        "optime": "2016-04-24 08:26:33",
        "type": "NORMAL",
        "typename": "点击 第 8 条 \"NORMAL \"",
        "url": "http://so.iqiyi.com/so/q_%E6%80%A7%E7%88%B1%E4%B8%80%E7%BA%A7%E7%89%87_p_2",
        "pos": "7",
        "ip": "140.207.54.144-上海市"
      },
      {
        "query": "云起书院作者专区",
        "optime": "2016-04-24 08:29:20",
        "type": "0-pv",
        "typename": "主动修改 \"云起书院作者专区 \"",
        "url": null,
        "pos": "-1",
        "ip": "123.88.176.36-广东省东莞市"
      },
      {
        "query": "云起书院作者专区",
        "optime": "2016-04-24 08:29:20",
        "type": "0-pv",
        "typename": "重搜 \"云起书院作者专区 \"",
        "url": null,
        "pos": "-1",
        "ip": "183.131.104.227-浙江省杭州市"
      },
      {
        "query": "云起书院作者专区",
        "optime": "2016-04-24 08:29:20",
        "type": "0-pv",
        "typename": "重搜 \"云起书院作者专区 \"",
        "url": null,
        "pos": "-1",
        "ip": "123.88.176.36-广东省东莞市"
      },
      {
        "query": "云起书院作者专区",
        "optime": "2016-04-24 08:29:25",
        "type": "NORMAL",
        "typename": "点击 第 2 条 \"NORMAL \"",
        "url": "http://yunqi.qq.com/help/zzqk.html",
        "pos": "1",
        "ip": "123.88.176.36-广东省东莞市"
      },
      {
        "query": "云起书院作者专区",
        "optime": "2016-04-24 08:29:26",
        "type": "NORMAL",
        "typename": "点击 第 2 条 \"NORMAL \"",
        "url": "http://yunqi.qq.com/help/zzqk.html",
        "pos": "1",
        "ip": "123.88.176.36-广东省东莞市"
      },
      {
        "query": "云起书院作者专区",
        "optime": "2016-04-24 08:29:33",
        "type": "NORMAL",
        "typename": "点击 第 2 条 \"NORMAL \"",
        "url": "http://yunqi.qq.com/help/zzqk.html",
        "pos": "1",
        "ip": "123.88.176.36-广东省东莞市"
      },
      {
        "query": "云起书院",
        "optime": "2016-04-24 08:29:43",
        "type": "0-pv-result_up-sugg",
        "typename": "从 结果页顶部sugg 切入 \"云起书院 \"",
        "url": null,
        "pos": "-1",
        "ip": "123.88.176.36-广东省东莞市"
      },
      {
        "query": "云起书院",
        "optime": "2016-04-24 08:29:43",
        "type": "result_up",
        "typename": "点击 第 0 条 \"result_up \"",
        "url": null,
        "pos": "-1",
        "ip": "123.88.176.36-广东省东莞市"
      },
      {
        "query": "云起书院",
        "optime": "2016-04-24 08:29:45",
        "type": "STRUCT",
        "typename": "点击 第 2 条 \"STRUCT \"",
        "url": "http://yunqi.qq.com/",
        "pos": "1",
        "ip": "123.88.176.36-广东省东莞市"
      },
      {
        "query": "云起书院作者专区",
        "optime": "2016-04-24 15:21:39",
        "type": "0-pv",
        "typename": "主动修改 \"云起书院作者专区 \"",
        "url": null,
        "pos": "-1",
        "ip": "14.156.26.244-广东省东莞市"
      },
      {
        "query": "云起书院",
        "optime": "2016-04-24 15:21:39",
        "type": "0-pv-result_up-sugg",
        "typename": "从 结果页顶部sugg 切入 \"云起书院 \"",
        "url": null,
        "pos": "-1",
        "ip": "14.156.26.244-广东省东莞市"
      },
      {
        "query": "云起书院",
        "optime": "2016-04-24 15:21:39",
        "type": "result_up",
        "typename": "点击 第 0 条 \"result_up \"",
        "url": null,
        "pos": "-1",
        "ip": "14.156.26.244-广东省东莞市"
      },
      {
        "query": "云起书院作者专区",
        "optime": "2016-04-24 15:21:39",
        "type": "0-pv",
        "typename": "主动修改 \"云起书院作者专区 \"",
        "url": null,
        "pos": "-1",
        "ip": "14.156.26.244-广东省东莞市"
      }
    ]
  }
}